run_id,seed,feature_set,config_name,algorithm,auc_roc,precision,recall,cv_auc_roc
1,43,A,Config 1: Clinical-Only (Groups 1-5),random_forest,0.8598837209302325,0.7222222222222222,0.65,0.8750009689607006
1,43,A_plus_environment,Config 3: Clinical + Environment (Groups 1-5 + Group 6),random_forest,0.8593023255813954,0.7272727272727273,0.8,0.8453887547847279
1,43,A_plus_staffing,Config 2: Clinical + Staffing (Groups 1-5 + Group 7),random_forest,0.8680232558139535,0.7209302325581395,0.775,0.8420818857060468
1,43,B,Config 4: Full Integrated (Groups 1-7),random_forest,0.8508720930232558,0.6744186046511628,0.725,0.8317019910979643
