feature,group,n_pairs,mean_abs_shap_model_a,mean_abs_shap_model_b,mean_delta_b_minus_a,ttest_statistic,p_value,significant_at_0_05
intubation_days,Medical Procedures,126,0.07691059390111736,0.06661473181111804,-0.01029586208999933,8.28776666323754,1.5303712526368995e-13,True
intubation_status,Medical Procedures,126,0.07384321567303175,0.05804086712731252,-0.015802348545719245,23.967879047927717,1.4251241507108227e-48,True
urinary_catheter_days,Medical Procedures,126,0.05631130484731694,0.05361476799807403,-0.0026965368492429314,2.9093010931347987,0.004288884990812175,True
admission_weekday,Temporal,126,0.044199779238888286,0.027618492068749636,-0.01658128717013865,14.704885263970159,4.907503192361431e-29,True
cancer_status,Clinical Severity,126,0.04135081660814388,0.009654700364724551,-0.03169611624341934,41.56756083566307,4.833018155421706e-75,True
