run_id,seed,feature_set,config_name,algorithm,auc_roc,precision,recall,cv_auc_roc
1,43,A,Config 1: Clinical-Only (Groups 1-5),random_forest,0.8598837209302325,0.7222222222222222,0.65,0.8750009689607006
1,43,A_plus_environment,Config 3: Clinical + Environment (Groups 1-5 + Group 6),random_forest,0.8718023255813954,0.6296296296296297,0.85,0.8506556375683892
1,43,A_plus_staffing,Config 2: Clinical + Staffing (Groups 1-5 + Group 7),random_forest,0.8706395348837209,0.5964912280701754,0.85,0.8652067142000028
1,43,B,Config 4: Full Integrated (Groups 1-7),random_forest,0.858139534883721,0.5901639344262295,0.9,0.8594255070765138
