feature,group,n_pairs,mean_abs_shap_model_a,mean_abs_shap_model_b,mean_delta_b_minus_a,ttest_statistic,p_value,significant_at_0_05
intubation_days,Medical Procedures,126,0.07691059390111736,0.06389785720224175,-0.013012736698875604,8.047873978273381,5.592131101383778e-13,True
intubation_status,Medical Procedures,126,0.07384321567303175,0.0707386372234794,-0.0031045784495523743,3.6801662548987184,0.00034513160983244424,True
urinary_catheter_days,Medical Procedures,126,0.05631130484731694,0.042016862001194165,-0.014294442846122787,11.22850978935675,1.168293359007153e-20,True
admission_weekday,Temporal,126,0.044199779238888286,0.009990375151006533,-0.03420940408788176,16.34956976570949,7.75331159931188e-33,True
cancer_status,Clinical Severity,126,0.04135081660814388,0.01314389271306814,-0.02820692389507575,33.41949372199734,3.5690398095699345e-64,True
